{"cameraMode":{"drawMode":0,"name":"Shaded","section":"Shading Mode"},"sceneLighting":true,"audioPlay":false,"sceneViewState":{"m_AlwaysRefresh":false,"showFog":true,"showSkybox":true,"showFlares":true,"showImageEffects":true,"showParticleSystems":true,"showVisualEffectGraphs":true,"m_FxEnabled":false},"in2DMode":false,"pivot":{"x":1973.2266845703125,"y":629.6004028320313,"z":246.54010009765626},"rotation":{"x":0.2979494035243988,"y":0.30559250712394717,"z":-0.10050374269485474,"w":0.8989416360855103},"size":717.1898193359375,"orthographic":false}